Model,Brier Score
Hybrid RF,0.1867893566145754
Hybrid GB,0.18925736185865763
