Regime,Strength_Corr,Pressure_Corr
Low RR,0.5657006207780316,0.6913706186331074
Med RR,0.5907241517117094,0.6991743106157905
High RR,0.5828646419283173,0.6877574864980478
